<code_scheme name="Default" version="173">
  <JavaCodeStyleSettings>
    <option name="JD_P_AT_EMPTY_LINES" value="false" />
    <option name="JD_KEEP_INVALID_TAGS" value="false" />
    <option name="JD_DO_NOT_WRAP_ONE_LINE_COMMENTS" value="true" />
    <option name="JD_KEEP_EMPTY_PARAMETER" value="false" />
    <option name="JD_KEEP_EMPTY_EXCEPTION" value="false" />
    <option name="JD_KEEP_EMPTY_RETURN" value="false" />
    <option name="JD_LEADING_ASTERISKS_ARE_ENABLED" value="false" />
  </JavaCodeStyleSettings>
  <codeStyleSettings language="JAVA">
    <option name="BRACE_STYLE" value="2" />
    <option name="CLASS_BRACE_STYLE" value="2" />
    <option name="METHOD_BRACE_STYLE" value="2" />
    <option name="LAMBDA_BRACE_STYLE" value="2" />
    <option name="ELSE_ON_NEW_LINE" value="true" />
    <option name="WHILE_ON_NEW_LINE" value="true" />
    <option name="CATCH_ON_NEW_LINE" value="true" />
    <option name="FINALLY_ON_NEW_LINE" value="true" />
  </codeStyleSettings>
</code_scheme>