<keymap version="1" name="Default Proper Redo" parent="$default">
  <action id="$Redo">
    <keyboard-shortcut first-keystroke="shift ctrl z" />
    <keyboard-shortcut first-keystroke="shift alt back_space" />
    <keyboard-shortcut first-keystroke="ctrl y" />
  </action>
  <action id="ChangesView.GroupBy.Directory" />
  <action id="CommentByLineComment">
    <keyboard-shortcut first-keystroke="ctrl slash" />
    <keyboard-shortcut first-keystroke="ctrl divide" />
    <keyboard-shortcut first-keystroke="ctrl quote" />
  </action>
  <action id="EditorDeleteLine" />
  <action id="FileChooser.TogglePathShowing" />
  <action id="Images.Editor.ToggleGrid" />
  <action id="ParameterInfo" />
  <action id="SearchEverywhereActions">
    <keyboard-shortcut first-keystroke="ctrl p" />
  </action>
  <action id="TodoViewGroupByShowPackages" />
</keymap>